first_name,gender,prob
Abbas,male,0.99
Abdel,male,0.99
Abdellatif,male,0.98
Abderrazak,male,0.98
Abdourrahmane,male,1.0
Abdulkareem,male,1.0
Abhay,male,1.0
Abhijeet,male,1.0
Abhishek,male,1.0
Achill,male,0.99
Aditya,male,1.0
Adnan,male,0.99
Adrien,male,0.98
Ahmed,male,0.99
Akbar,male,1.0
Akitoshi,male,1.0
Alain,male,1.0
Alban,male,0.99
Alberto,male,1.0
Alessandro,male,1.0
Alessia,female,0.99
Alexander,male,1.0
Alexandra,female,0.99
Alexandre,male,0.99
Alexandros,male,1.0
Alexei,male,0.99
Alexis,male,0.82
Alfred,male,1.0
Alfredo,male,1.0
Allon,male,0.99
Alyson,female,0.99
Amanda,female,1.0
Amaury,male,1.0
Amitabh,male,1.0
Anant,male,1.0
Anantha,male,0.95
Andrea,female,0.82
Andreas,male,1.0
Andrei,male,0.99
Andrej,male,1.0
Andrew,male,1.0
Angelo,male,0.99
Animesh,male,1.0
Aniza,female,1.0
AnneElisabeth,,0.0
AnneKathrin,female,0.95
Annick,female,0.99
Annika,female,0.99
Anthony,male,1.0
Antoine,male,1.0
Antonio,male,1.0
Anush,male,0.89
Arantza,female,1.0
Arash,male,1.0
Areski,male,0.99
Aritra,male,1.0
Arkadius,male,0.98
Arleta,female,0.99
Arnaud,male,0.99
Arnon,male,1.0
Arogyaswami,,0.0
Arthur,male,1.0
Arumugam,male,0.95
Arunkumar,male,0.99
Ashraf,male,1.0
Ashutosh,male,1.0
Atilim,male,0.88
Atsushi,male,1.0
Attila,male,1.0
Austin,male,1.0
Ayfer,female,0.96
Aylin,female,0.98
Aïcha,female,1.0
Babak,male,1.0
Babita,female,1.0
Balint,male,0.91
Barbara,female,1.0
Barry,male,1.0
Behrouz,male,0.99
Benedikt,male,1.0
Benjamin,male,1.0
Benny,male,0.98
Benoit,male,0.99
BeomJin,male,0.93
Bernard,male,0.99
Bernd,male,1.0
Bharat,male,1.0
Bhaskar,male,0.99
BingHong,male,1.0
Birgit,female,0.99
Bixio,male,0.97
Boris,male,1.0
Brendan,male,1.0
Brian,male,1.0
Brigitte,female,1.0
Brooke,female,1.0
Broňa,,0.0
Bruno,male,1.0
Byung,male,0.99
ByungSoo,male,1.0
Caijun,male,1.0
Camilla,female,1.0
Carlo,male,1.0
Carlos,male,1.0
Carolyn,female,1.0
Carroll,male,0.73
Carsten,male,1.0
Casper,male,0.99
Caterina,female,1.0
Catherine,female,1.0
ChanSu,male,0.87
Chandra,female,0.97
Chang,male,0.85
Changlin,male,0.94
Charilaos,male,0.91
Charles,male,1.0
Chenxi,female,0.97
Chinmay,male,1.0
Chintha,female,0.64
ChongYung,,0.0
ChowChoong,,0.0
Chris,male,0.92
Christian,male,1.0
Christoph,male,1.0
Christophe,male,1.0
Christopher,male,1.0
Christos,male,1.0
ChungPi,,0.0
Chunlin,male,0.76
Claude,male,0.97
Claudio,male,1.0
Clemence,female,0.94
Clemens,male,1.0
Congduc,,0.0
Constantinos,male,1.0
Corin,female,0.76
Cristina,female,1.0
Cynthia,female,1.0
Cyril,male,0.99
Cyrille,male,0.96
Cédric,male,1.0
Céline,female,1.0
DahMing,male,1.0
Damiano,male,1.0
Damien,male,1.0
Damrong,male,0.97
Daniel,male,1.0
Daniela,female,1.0
Daniele,male,0.95
Daniil,male,1.0
Daoyi,male,0.8
Daria,female,0.99
Darren,male,1.0
David,male,1.0
Davide,male,1.0
Denis,male,0.97
Dexter,male,1.0
Dimitar,male,1.0
Djalil,male,0.98
Dmitry,male,1.0
Dominique,male,0.56
Donald,male,1.0
Donna,female,1.0
Dorit,female,1.0
Dorje,male,0.88
Dorota,female,0.99
Douglas,male,1.0
Durgesh,male,0.99
Eamonn,male,1.0
Eddie,male,0.98
Edgar,male,1.0
Edith,female,1.0
Edmund,male,1.0
Eduardo,male,1.0
Edwin,male,1.0
Effrosyni,female,1.0
Eitan,male,1.0
Elchanan,male,1.0
Elena,female,1.0
Elias,male,1.0
Elisa,female,1.0
Elizabeth,female,1.0
Emanuel,male,1.0
Emanuele,male,1.0
Emilia,female,0.99
Emmanuel,male,1.0
Enrico,male,1.0
Enrique,male,1.0
Erdal,male,0.97
Etienne,male,0.98
Eugen,male,1.0
Evaggelos,male,0.99
Evelyne,female,0.99
Evgeny,male,0.99
Fabio,male,1.0
Fabrice,male,0.99
Fabricio,male,1.0
Fabrizio,male,1.0
Fahem,male,0.97
Faina,female,0.93
Farhad,male,1.0
Farshad,male,1.0
Farzad,male,1.0
Federico,male,1.0
Felice,male,0.92
Felipe,male,1.0
Felix,male,1.0
Fernando,male,1.0
Ferran,male,0.98
Filip,male,0.99
Florent,male,1.0
Florian,male,1.0
Francesca,female,1.0
Francesco,male,1.0
Francisco,male,1.0
Franck,male,0.99
Franco,male,1.0
Frank,male,1.0
François,male,1.0
Françoise,female,1.0
Frederic,male,1.0
Friedrich,male,1.0
Frédéric,male,1.0
Gabriel,male,1.0
Gabriela,female,1.0
Gabriele,male,0.85
Gagik,male,1.0
Ganesh,male,1.0
Gaurav,male,1.0
Gautham,male,1.0
Gemma,female,1.0
Genia,female,0.98
Georg,male,0.99
George,male,1.0
Gerald,male,1.0
Ghassan,male,1.0
Ghaya,female,0.94
Gianluca,male,1.0
Gianluigi,male,1.0
Gianni,male,0.99
Gihyuk,male,1.0
Gilbas,male,1.0
Gilbert,male,1.0
Gildas,male,0.96
Gilles,male,1.0
Giorgio,male,1.0
Giovanni,male,1.0
Giuseppe,male,1.0
Glynn,male,0.94
Gokhan,male,0.97
Graeme,male,1.0
Gregoire,male,0.99
Gregorio,male,1.0
Gregory,male,1.0
Greig,male,1.0
Greta,female,1.0
Grégoire,male,1.0
Guangyue,male,0.57
Gudrun,female,0.99
Guido,male,1.0
Guillaume,male,1.0
Gunilla,female,0.99
Gábor,male,1.0
Hadrien,male,1.0
Haifeng,male,0.97
Haijun,male,0.91
Halim,male,0.99
Hanène,female,1.0
Harish,male,1.0
Harold,male,1.0
Hartmut,male,1.0
Hasan,male,0.98
Hayder,male,1.0
Hcene,male,1.0
Heath,male,1.0
Hebertt,male,1.0
Helge,male,1.0
Helmut,male,1.0
Hendrik,male,1.0
Heribert,male,1.0
Herve,male,0.99
Hideto,male,0.99
Hiroshi,male,1.0
Holger,male,1.0
Hongseok,male,0.98
Hossein,male,1.0
Huaiyu,male,0.55
Huaxiong,,0.0
Hubert,male,0.99
Hullas,male,1.0
Hyundong,male,1.0
Ichiro,male,1.0
IlYeol,,0.0
Ilian,male,0.86
Ingemar,male,1.0
Ioana,female,0.99
Irina,female,0.99
Jacek,male,1.0
Jacob,male,1.0
Jacques,male,0.98
Jaehong,male,0.96
Jaeok,female,0.7
Jaime,male,0.94
Jakub,male,1.0
Jalil,male,0.99
James,male,1.0
Jamshid,male,0.99
Janarthanan,male,0.98
Janet,female,1.0
Janusz,male,1.0
Jared,male,1.0
Jasleen,female,1.0
Jason,male,1.0
Javier,male,1.0
Jayesh,male,1.0
JeanChristophe,male,1.0
JeanClaude,male,1.0
JeanDaniel,male,1.0
JeanFrançois,male,1.0
JeanGuillaume,male,1.0
JeanMarc,male,0.99
JeanMarie,female,0.86
JeanYves,male,0.99
Jeffrey,male,1.0
Jennifer,female,1.0
Jeremy,male,1.0
Jerome,male,1.0
Jesper,male,1.0
Jesus,male,1.0
JianGuo,male,1.0
JianKang,male,0.88
JieKwon,,0.0
Jingping,female,0.56
Jinjun,male,0.95
Jinxiang,female,0.59
Joachim,male,1.0
Joakim,male,1.0
Joerg,male,0.99
Johah,male,0.92
Johan,male,1.0
Johannes,male,1.0
Jonathan,male,1.0
Jorge,male,1.0
Jose',male,0.97
Josef,male,0.99
Joseph,male,1.0
Joshua,male,1.0
Jubin,male,0.89
Juergen,male,1.0
Julie,female,1.0
Julien,male,0.99
Jungwon,female,0.52
Junsheng,male,0.82
Jyrki,male,0.99
Jérémie,male,1.0
Jérémy,male,1.0
KaiKit,,0.0
Kamil,male,0.99
Karin,female,0.99
Karol,male,0.85
Katrin,female,0.99
Kavita,female,1.0
Kazushige,male,1.0
Keigo,male,1.0
Kenneth,male,1.0
Keqin,male,0.64
Kevin,male,1.0
Keyvan,male,1.0
KiMoon,male,1.0
Kilian,male,0.99
Klaus,male,1.0
Kohei,male,1.0
Kohtaro,male,1.0
Konstantin,male,1.0
Kouhei,male,1.0
Koujin,male,1.0
Krishna,male,0.9
Kristina,female,1.0
Krzysztof,male,1.0
Kunio,male,1.0
Kyeong,male,0.6
KyuYoung,male,0.73
Laszlo,male,0.99
Laura,female,1.0
Laurence,male,0.6
Laurent,male,0.99
Leena,female,1.0
Lenka,female,1.0
Leonard,male,1.0
Leonardo,male,1.0
Leonid,male,1.0
Leslie,female,0.83
Ligong,male,0.67
Lijun,female,0.55
Liping,female,0.81
Lizhong,male,0.93
Ljupco,male,0.98
Lluis,male,0.99
Loreto,female,0.69
Lucile,female,0.99
Luigi,male,1.0
Luisa,female,1.0
Lukasz,male,1.0
Maarten,male,1.0
Mahdi,male,0.99
Mamadou,male,0.99
Manik,male,0.99
Manqi,female,0.67
Mansoor,male,1.0
Manuel,male,1.0
Marcel,male,0.99
Marcelo,male,1.0
Marcin,male,1.0
Marco,male,1.0
Marie,female,0.99
MarieFrancoise,female,0.96
Marija,female,0.99
Mario,male,1.0
Mariëlle,female,1.0
Marja,female,1.0
Markus,male,1.0
Marta,female,0.99
Martin,male,1.0
Masahiro,male,1.0
Masashi,male,1.0
Masoud,male,1.0
Massoud,male,0.97
Mathias,male,1.0
Mathieu,male,0.99
Matteo,male,1.0
Matthew,male,1.0
Matthias,male,1.0
Matthieu,male,1.0
Matti,male,0.95
Maurice,male,1.0
Maxim,male,0.99
Mehdi,male,0.99
Mehrdad,male,1.0
Meixia,female,0.92
Mercedes,female,0.99
Micha,male,0.98
Michael,male,1.0
Michail,male,1.0
Michel,male,0.97
Michele,female,0.78
Michelle,female,1.0
Michèle,female,1.0
Miguel,male,1.0
Mihailo,male,1.0
Mihyun,female,0.96
Mikaël,male,1.0
Mikhail,male,1.0
Mikko,male,0.99
Miklos,male,0.98
Milad,male,1.0
Milan,male,0.99
Milica,female,0.99
Mimmo,male,0.99
MinHsiu,,0.0
MinLing,female,1.0
MinSoo,male,0.95
Mingsheng,male,0.88
Mireille,female,0.99
Mohamad,male,1.0
MohamedAli,male,0.98
Mohammad,male,1.0
Mohsen,male,1.0
Mooly,female,0.89
Morris,male,1.0
Morten,male,1.0
Morteza,male,0.98
Moshe,male,1.0
Mostafa,male,1.0
Moufida,female,0.98
Muhammad,male,1.0
Mulan,female,0.85
Murat,male,0.98
Mérouane,,0.0
Nachi,male,0.53
Nachum,male,1.0
Nadia,female,0.99
Nadya,female,1.0
Naftali,male,0.99
Nandakishore,male,1.0
Naokata,,0.0
Natali,female,0.99
Nathalie,female,0.99
Nathan,male,1.0
Nenad,male,1.0
Nicolas,male,1.0
Nicole,female,1.0
Nikil,male,1.0
Nikolaos,male,1.0
Nikolay,male,1.0
Ninoslav,male,0.99
Nobuko,female,1.0
Noomene,male,1.0
Olgica,female,0.98
Oliver,male,1.0
Olivier,male,1.0
Orlando,male,1.0
Osamu,male,1.0
Oswin,male,0.97
Pablo,male,1.0
Panos,male,0.99
Paola,female,1.0
Paolo,male,1.0
Parastoo,female,0.97
Parosh,male,1.0
Pascal,male,0.99
Patricio,male,1.0
Patrick,male,1.0
Paulo,male,1.0
Pavel,male,0.99
Pavlos,male,1.0
Pedro,male,1.0
Pekka,male,0.99
Peter,male,1.0
Petros,male,1.0
Philip,male,1.0
Philippe,male,1.0
Pierfrancesco,male,0.99
Piero,male,1.0
Pierre,male,1.0
Pietro,male,1.0
Pilar,female,0.98
PinHsun,,0.0
Piotr,male,1.0
Plamen,male,0.99
Prabodh,male,1.0
Pradeep,male,1.0
Prakash,male,1.0
Predrag,male,1.0
Premkumar,male,0.98
Qiang,male,0.96
Qingyun,male,0.6
Quentin,male,1.0
Rachit,male,1.0
Radha,female,0.99
RadhaKrishna,male,0.99
Rafael,male,1.0
Rafail,male,0.98
Rafal,male,1.0
Raissa,female,1.0
Rajeev,male,1.0
Rajkumar,male,1.0
Raman,male,1.0
Ramtin,male,0.98
Randall,male,1.0
Randy,male,1.0
Ranjit,male,1.0
Raphael,male,1.0
Raphaël,male,1.0
Rastislav,male,0.99
Raviraj,male,0.99
Raymond,male,1.0
Razvan,male,1.0
Reginald,male,1.0
Reiko,female,0.82
Renato,male,1.0
Ricardo,male,1.0
Riccardo,male,1.0
Richard,male,1.0
Robby,male,0.98
Robert,male,1.0
Roberto,male,1.0
Robin,male,0.76
Robyn,female,1.0
Rocco,male,0.99
Rodney,male,1.0
Rodolfo,male,1.0
Rodrigo,male,1.0
Roger,male,1.0
Rohan,male,1.0
Roland,male,1.0
RolfDieter,,0.0
Romain,male,0.99
Rowena,female,1.0
Ryoso,male,1.0
Ryszard,male,1.0
Sakari,male,0.97
Sally,female,1.0
Salwani,female,0.92
Sameh,male,0.97
Samson,male,0.99
Samuel,male,1.0
Samvel,male,1.0
Sander,male,0.99
Sandra,female,1.0
Sandrine,female,0.99
Sanjay,male,1.0
Sasanka,male,0.52
Sascha,male,0.97
Saugata,male,1.0
Savas,male,0.98
Scott,male,1.0
Seiichiro,male,1.0
Seiji,male,1.0
Semih,male,0.99
Serge,male,1.0
Sergey,male,1.0
Sergio,male,1.0
Sergiy,male,0.99
Severinas,male,1.0
Seyed,male,1.0
Shabnam,female,1.0
Shahab,male,1.0
Shahin,male,0.99
Sharon,female,1.0
Shashi,male,1.0
ShengJun,male,0.93
Shengli,male,0.82
Shigeru,male,1.0
Shirin,female,0.99
Shiva,male,0.57
Shlomi,male,0.99
Shlomo,male,1.0
Shrey,male,1.0
Shrinivas,male,1.0
Shrisha,female,1.0
Shuchin,female,1.0
Shunyi,male,0.86
Simeon,male,1.0
Simon,male,1.0
Simona,female,0.99
Sofiane,male,0.98
Soheil,male,1.0
Somsak,male,0.98
Sophie,female,0.99
Sotirios,male,1.0
Soumen,male,1.0
Soumya,female,0.99
SoungChang,,0.0
Srikanth,male,1.0
Srikumar,male,0.98
Srinivasa,male,0.99
Sriram,male,1.0
Stanimire,,0.0
Stanislav,male,1.0
Stefan,male,1.0
Stefanie,female,0.99
Stefano,male,1.0
Steffen,male,1.0
Stephan,male,1.0
Stephane,male,0.98
Stephanie,female,1.0
Stephen,male,1.0
Stergos,male,1.0
Steve,male,1.0
Steven,male,1.0
Stewart,male,1.0
Stéphane,male,0.93
Stéphanie,female,1.0
Sudhir,male,1.0
Suhas,male,1.0
Sujay,male,1.0
Sundeep,male,0.97
Sylvain,male,1.0
Sándor,male,0.99
Sébastien,male,1.0
Sérgio,male,1.0
Taesup,male,1.0
Takayuki,male,1.0
Takeshi,male,1.0
Tanguy,male,0.98
Tarik,male,0.99
Tatsuto,male,1.0
Tatsuya,male,1.0
Teddy,male,0.94
Teresa,female,1.0
Tetsuo,male,1.0
Thierry,male,0.99
Thimo,male,0.99
Thomas,male,1.0
Thorsten,male,1.0
Timothy,male,1.0
Tjeng,male,0.75
Tobias,male,1.0
Tolga,male,0.98
Tomáš,male,1.0
Torleiv,male,1.0
Toshiaki,male,1.0
Toshiyuki,male,1.0
Travis,male,1.0
TsungHui,,0.0
TzyhJong,,0.0
Ulrich,male,1.0
Urbashi,male,0.75
Ursula,female,1.0
Utpal,male,0.99
Vaclav,male,0.99
Vadim,male,1.0
Vahan,male,1.0
Valentin,male,1.0
Valeria,female,1.0
Vasilios,male,1.0
Velio,male,1.0
Velleda,female,1.0
Veniamin,male,1.0
Venkatesh,male,1.0
Venugopal,male,0.99
Veronique,female,0.99
Victor,male,1.0
Vigen,male,0.97
Vignesh,male,1.0
Vikas,male,1.0
Vinay,male,1.0
Vincent,male,1.0
Vincenzo,male,1.0
Vinith,male,0.96
Vinod,male,1.0
Viorica,female,0.99
Vitorino,male,0.97
Vladimir,male,1.0
Vlady,male,0.92
Volkan,male,0.97
Volker,male,0.99
Vukosi,male,0.64
Véronique,female,1.0
Walid,male,0.99
Wayne,male,1.0
Weihua,male,0.78
Wenbo,male,0.92
Wenyi,female,0.68
Wessam,male,0.97
Willem,male,1.0
Willemien,female,0.99
William,male,1.0
Witold,male,1.0
Wojciech,male,1.0
Wolfgang,male,1.0
WonYong,male,0.97
Xavier,male,1.0
Xenofontas,male,1.0
Xiaochuan,male,0.91
Xiaohu,male,0.98
Xinjia,male,0.67
XuanLong,male,1.0
Xuancheng,male,1.0
Yanbing,male,0.73
Yanghua,male,0.56
Yaoyun,female,1.0
Yasuhiro,male,1.0
YiReun,,0.0
Yifan,male,0.8
Yoshifumi,male,0.99
Yoshio,male,1.0
Youjian,male,1.0
Youxian,male,1.0
Yuanlin,male,0.58
Yuhong,female,0.6
Yuxin,female,0.99
Yuxuan,male,0.56
Zachary,male,1.0
Zhaohui,male,0.65
Zhendong,male,1.0
Zheng,male,0.98
ZhiHua,male,0.74
ZhiQuan,male,0.93
Zhifang,male,0.56
Zhiping,male,0.79
Zhisheng,male,0.92
Zhiyuan,male,0.92
Zhongzhi,male,1.0
Ziyad,male,1.0
Zonghua,male,0.86
Zukang,,0.0
Zuoqiang,male,1.0
leandro,male,1.0
Øyvind,male,1.0
